"area_id","ID"
"uk.org.publicwhip/cons/632","S14000027DISTRICT"
"uk.org.publicwhip/cons/372","E14000815DISTRICT"
"uk.org.publicwhip/cons/700","S14000039DISTRICT"
"uk.org.publicwhip/cons/2190","E14000709DISTRICT"
"uk.org.publicwhip/cons/53","E14000567DISTRICT"
"uk.org.publicwhip/cons/278","E14000733DISTRICT"
"uk.org.publicwhip/cons/9","W07000043DISTRICT"
"uk.org.publicwhip/cons/602","E14001012DISTRICT"
"uk.org.publicwhip/cons/641","E14001046DISTRICT"
"uk.org.publicwhip/cons/696","S14000035DISTRICT"
"uk.org.publicwhip/cons/433","E14000863DISTRICT"
"uk.org.publicwhip/cons/377","E14000819DISTRICT"
"uk.org.publicwhip/cons/2184","E14000657DISTRICT"
"uk.org.publicwhip/cons/206","E14000686DISTRICT"
"uk.org.publicwhip/cons/93","E14000602DISTRICT"
"uk.org.publicwhip/cons/703","S14000042DISTRICT"
"uk.org.publicwhip/cons/106","S14000009DISTRICT"
"uk.org.publicwhip/cons/34","E14000552DISTRICT"
"uk.org.publicwhip/cons/343","E14000792DISTRICT"
"uk.org.publicwhip/cons/42","E14000557DISTRICT"
"uk.org.publicwhip/cons/275","E14000730DISTRICT"
"uk.org.publicwhip/cons/180","E14000673DISTRICT"
"uk.org.publicwhip/cons/2247","E14001057DISTRICT"
"uk.org.publicwhip/cons/329","E14000779DISTRICT"
"uk.org.publicwhip/cons/62","E14000574DISTRICT"
"uk.org.publicwhip/cons/543","E14000964DISTRICT"
"uk.org.publicwhip/cons/499","E14000918DISTRICT"
"uk.org.publicwhip/cons/2226","E14000917DISTRICT"
"uk.org.publicwhip/cons/619","S14000058DISTRICT"
"uk.org.publicwhip/cons/569","W07000048DISTRICT"
"uk.org.publicwhip/cons/646","E14001051DISTRICT"
"uk.org.publicwhip/cons/94","E14000604DISTRICT"
"uk.org.publicwhip/cons/338","E14000787DISTRICT"
"uk.org.publicwhip/cons/2166","W07000058DISTRICT"
"uk.org.publicwhip/cons/560","E14000978DISTRICT"
"uk.org.publicwhip/cons/541","E14000962DISTRICT"
"uk.org.publicwhip/cons/313","E14000766DISTRICT"
"uk.org.publicwhip/cons/2221","E14000901DISTRICT"
"uk.org.publicwhip/cons/13","E14000534DISTRICT"
"uk.org.publicwhip/cons/113","W07000051DISTRICT"
"uk.org.publicwhip/cons/549","E14000969DISTRICT"
"uk.org.publicwhip/cons/472","E14000893DISTRICT"
"uk.org.publicwhip/cons/89","E14000598DISTRICT"
"uk.org.publicwhip/cons/642","E14001047DISTRICT"
"uk.org.publicwhip/cons/192","N06000005DISTRICT"
"uk.org.publicwhip/cons/68","E14000580DISTRICT"
"uk.org.publicwhip/cons/624","E14001031DISTRICT"
"uk.org.publicwhip/cons/135","E14000637DISTRICT"
"uk.org.publicwhip/cons/2233","E14000961DISTRICT"
"uk.org.publicwhip/cons/628","E14001034DISTRICT"
"uk.org.publicwhip/cons/371","E14000813DISTRICT"
"uk.org.publicwhip/cons/441","E14000869DISTRICT"
"uk.org.publicwhip/cons/366","E14000810DISTRICT"
"uk.org.publicwhip/cons/406","N06000013DISTRICT"
"uk.org.publicwhip/cons/166","E14000659DISTRICT"
"uk.org.publicwhip/cons/29","E14000547DISTRICT"
"uk.org.publicwhip/cons/130","E14000640DISTRICT"
"uk.org.publicwhip/cons/680","S14000017DISTRICT"
"uk.org.publicwhip/cons/427","E14000858DISTRICT"
"uk.org.publicwhip/cons/256","E14000714DISTRICT"
"uk.org.publicwhip/cons/360","E14000805DISTRICT"
"uk.org.publicwhip/cons/305","E14000760DISTRICT"
"uk.org.publicwhip/cons/22","E14000541DISTRICT"
"uk.org.publicwhip/cons/152","E14000650DISTRICT"
"uk.org.publicwhip/cons/446","E14000873DISTRICT"
"uk.org.publicwhip/cons/373","E14000816DISTRICT"
"uk.org.publicwhip/cons/27","E14000545DISTRICT"
"uk.org.publicwhip/cons/530","E14000949DISTRICT"
"uk.org.publicwhip/cons/255","W07000046DISTRICT"
"uk.org.publicwhip/cons/5","S14000003DISTRICT"
"uk.org.publicwhip/cons/547","E14000968DISTRICT"
"uk.org.publicwhip/cons/281","E14000736DISTRICT"
"uk.org.publicwhip/cons/423","E14000854DISTRICT"
"uk.org.publicwhip/cons/440","W07000074DISTRICT"
"uk.org.publicwhip/cons/474","E14000894DISTRICT"
"uk.org.publicwhip/cons/2234","E14000963DISTRICT"
"uk.org.publicwhip/cons/179","E14000672DISTRICT"
"uk.org.publicwhip/cons/174","E14000667DISTRICT"
"uk.org.publicwhip/cons/159","E14000656DISTRICT"
"uk.org.publicwhip/cons/390","E14000827DISTRICT"
"uk.org.publicwhip/cons/175","E14000668DISTRICT"
"uk.org.publicwhip/cons/283","E14000738DISTRICT"
"uk.org.publicwhip/cons/235","N06000008DISTRICT"
"uk.org.publicwhip/cons/310","E14000764DISTRICT"
"uk.org.publicwhip/cons/354","E14000799DISTRICT"
"uk.org.publicwhip/cons/351","W07000045DISTRICT"
"uk.org.publicwhip/cons/511","E14000929DISTRICT"
"uk.org.publicwhip/cons/610","E14001019DISTRICT"
"uk.org.publicwhip/cons/383","W07000054DISTRICT"
"uk.org.publicwhip/cons/157","E14000654DISTRICT"
"uk.org.publicwhip/cons/419","E14000851DISTRICT"
"uk.org.publicwhip/cons/668","S14000048DISTRICT"
"uk.org.publicwhip/cons/497","E14000915DISTRICT"
"uk.org.publicwhip/cons/424","E14000855DISTRICT"
"uk.org.publicwhip/cons/636","E14001040DISTRICT"
"uk.org.publicwhip/cons/601","E14001011DISTRICT"
"uk.org.publicwhip/cons/714","S14000056DISTRICT"
"uk.org.publicwhip/cons/600","E14001010DISTRICT"
"uk.org.publicwhip/cons/674","S14000013DISTRICT"
"uk.org.publicwhip/cons/369","E14000812DISTRICT"
"uk.org.publicwhip/cons/307","E14000761DISTRICT"
"uk.org.publicwhip/cons/2174","E14000587DISTRICT"
"uk.org.publicwhip/cons/25","E14000543DISTRICT"
"uk.org.publicwhip/cons/204","S14000021DISTRICT"
"uk.org.publicwhip/cons/495","E14000913DISTRICT"
"uk.org.publicwhip/cons/2169","E14000542DISTRICT"
"uk.org.publicwhip/cons/124","W07000064DISTRICT"
"uk.org.publicwhip/cons/553","E14000973DISTRICT"
"uk.org.publicwhip/cons/67","E14000579DISTRICT"
"uk.org.publicwhip/cons/218","E14000692DISTRICT"
"uk.org.publicwhip/cons/513","E14000931DISTRICT"
"uk.org.publicwhip/cons/626","E14001033DISTRICT"
"uk.org.publicwhip/cons/312","E14000765DISTRICT"
"uk.org.publicwhip/cons/413","E14000845DISTRICT"
"uk.org.publicwhip/cons/197","N06000006DISTRICT"
"uk.org.publicwhip/cons/2170","E14000544DISTRICT"
"uk.org.publicwhip/cons/92","E14000601DISTRICT"
"uk.org.publicwhip/cons/611","E14001021DISTRICT"
"uk.org.publicwhip/cons/50","E14000564DISTRICT"
"uk.org.publicwhip/cons/683","S14000022DISTRICT"
"uk.org.publicwhip/cons/533","E14000952DISTRICT"
"uk.org.publicwhip/cons/470","E14000892DISTRICT"
"uk.org.publicwhip/cons/463","E14000885DISTRICT"
"uk.org.publicwhip/cons/416","E14000848DISTRICT"
"uk.org.publicwhip/cons/568","E14000985DISTRICT"
"uk.org.publicwhip/cons/112","W07000050DISTRICT"
"uk.org.publicwhip/cons/2193","E14000727DISTRICT"
"uk.org.publicwhip/cons/176","E14000669DISTRICT"
"uk.org.publicwhip/cons/635","E14001039DISTRICT"
"uk.org.publicwhip/cons/280","E14000735DISTRICT"
"uk.org.publicwhip/cons/640","E14001044DISTRICT"
"uk.org.publicwhip/cons/364","E14000808DISTRICT"
"uk.org.publicwhip/cons/516","E14000934DISTRICT"
"uk.org.publicwhip/cons/551","E14000971DISTRICT"
"uk.org.publicwhip/cons/2235","E14000982DISTRICT"
"uk.org.publicwhip/cons/508","E14000926DISTRICT"
"uk.org.publicwhip/cons/38","N06000004DISTRICT"
"uk.org.publicwhip/cons/445","E14000872DISTRICT"
"uk.org.publicwhip/cons/385","S14000046DISTRICT"
"uk.org.publicwhip/cons/571","E14000986DISTRICT"
"uk.org.publicwhip/cons/2172","E14000571DISTRICT"
"uk.org.publicwhip/cons/14","E14000535DISTRICT"
"uk.org.publicwhip/cons/457","W07000075DISTRICT"
"uk.org.publicwhip/cons/76","E14000588DISTRICT"
"uk.org.publicwhip/cons/692","S14000031DISTRICT"
"uk.org.publicwhip/cons/697","S14000036DISTRICT"
"uk.org.publicwhip/cons/2191","E14000711DISTRICT"
"uk.org.publicwhip/cons/320","E14000773DISTRICT"
"uk.org.publicwhip/cons/2224","E14000911DISTRICT"
"uk.org.publicwhip/cons/301","E14000756DISTRICT"
"uk.org.publicwhip/cons/2213","E14000847DISTRICT"
"uk.org.publicwhip/cons/268","E14000725DISTRICT"
"uk.org.publicwhip/cons/426","E14000857DISTRICT"
"uk.org.publicwhip/cons/304","E14000759DISTRICT"
"uk.org.publicwhip/cons/643","E14001048DISTRICT"
"uk.org.publicwhip/cons/318","E14000771DISTRICT"
"uk.org.publicwhip/cons/2178","E14000616DISTRICT"
"uk.org.publicwhip/cons/108","E14000615DISTRICT"
"uk.org.publicwhip/cons/78","E14000590DISTRICT"
"uk.org.publicwhip/cons/437","E14000867DISTRICT"
"uk.org.publicwhip/cons/477","E14000897DISTRICT"
"uk.org.publicwhip/cons/583","E14001000DISTRICT"
"uk.org.publicwhip/cons/396","E14000833DISTRICT"
"uk.org.publicwhip/cons/442","E14000870DISTRICT"
"uk.org.publicwhip/cons/11","S14000004DISTRICT"
"uk.org.publicwhip/cons/672","S14000011DISTRICT"
"uk.org.publicwhip/cons/214","E14000688DISTRICT"
"uk.org.publicwhip/cons/567","E14000984DISTRICT"
"uk.org.publicwhip/cons/240","E14000710DISTRICT"
"uk.org.publicwhip/cons/73","E14000585DISTRICT"
"uk.org.publicwhip/cons/223","E14000697DISTRICT"
"uk.org.publicwhip/cons/410","E14000843DISTRICT"
"uk.org.publicwhip/cons/417","E14000849DISTRICT"
"uk.org.publicwhip/cons/232","E14000703DISTRICT"
"uk.org.publicwhip/cons/2236","E14000988DISTRICT"
"uk.org.publicwhip/cons/146","E14000646DISTRICT"
"uk.org.publicwhip/cons/576","E14000990DISTRICT"
"uk.org.publicwhip/cons/87","E14000596DISTRICT"
"uk.org.publicwhip/cons/290","E14000745DISTRICT"
"uk.org.publicwhip/cons/548","S14000057DISTRICT"
"uk.org.publicwhip/cons/353","E14000798DISTRICT"
"uk.org.publicwhip/cons/435","E14000865DISTRICT"
"uk.org.publicwhip/cons/20","S14000007DISTRICT"
"uk.org.publicwhip/cons/91","E14000600DISTRICT"
"uk.org.publicwhip/cons/2175","E14000591DISTRICT"
"uk.org.publicwhip/cons/85","W07000073DISTRICT"
"uk.org.publicwhip/cons/629","N06000018DISTRICT"
"uk.org.publicwhip/cons/144","E14000644DISTRICT"
"uk.org.publicwhip/cons/408","E14000841DISTRICT"
"uk.org.publicwhip/cons/391","E14000828DISTRICT"
"uk.org.publicwhip/cons/265","E14000722DISTRICT"
"uk.org.publicwhip/cons/109","E14000617DISTRICT"
"uk.org.publicwhip/cons/168","W07000042DISTRICT"
"uk.org.publicwhip/cons/40","E14000555DISTRICT"
"uk.org.publicwhip/cons/479","E14000900DISTRICT"
"uk.org.publicwhip/cons/581","E14000999DISTRICT"
"uk.org.publicwhip/cons/2183","E14000642DISTRICT"
"uk.org.publicwhip/cons/637","E14001041DISTRICT"
"uk.org.publicwhip/cons/33","E14000551DISTRICT"
"uk.org.publicwhip/cons/202","E14000684DISTRICT"
"uk.org.publicwhip/cons/681","S14000019DISTRICT"
"uk.org.publicwhip/cons/403","E14000837DISTRICT"
"uk.org.publicwhip/cons/282","E14000737DISTRICT"
"uk.org.publicwhip/cons/526","E14000945DISTRICT"
"uk.org.publicwhip/cons/398","W07000055DISTRICT"
"uk.org.publicwhip/cons/286","E14000741DISTRICT"
"uk.org.publicwhip/cons/254","E14000713DISTRICT"
"uk.org.publicwhip/cons/219","E14000693DISTRICT"
"uk.org.publicwhip/cons/294","E14000749DISTRICT"
"uk.org.publicwhip/cons/580","E14000998DISTRICT"
"uk.org.publicwhip/cons/217","E14000691DISTRICT"
"uk.org.publicwhip/cons/494","E14000912DISTRICT"
"uk.org.publicwhip/cons/96","E14000606DISTRICT"
"uk.org.publicwhip/cons/300","E14000755DISTRICT"
"uk.org.publicwhip/cons/554","E14000974DISTRICT"
"uk.org.publicwhip/cons/39","E14000554DISTRICT"
"uk.org.publicwhip/cons/315","E14000769DISTRICT"
"uk.org.publicwhip/cons/609","E14001018DISTRICT"
"uk.org.publicwhip/cons/178","E14000671DISTRICT"
"uk.org.publicwhip/cons/399","W07000056DISTRICT"
"uk.org.publicwhip/cons/488","E14000907DISTRICT"
"uk.org.publicwhip/cons/2198","E14000767DISTRICT"
"uk.org.publicwhip/cons/2238","E14000993DISTRICT"
"uk.org.publicwhip/cons/691","S14000030DISTRICT"
"uk.org.publicwhip/cons/100","E14000610DISTRICT"
"uk.org.publicwhip/cons/213","E14000687DISTRICT"
"uk.org.publicwhip/cons/520","E14000937DISTRICT"
"uk.org.publicwhip/cons/308","E14000762DISTRICT"
"uk.org.publicwhip/cons/562","E14000980DISTRICT"
"uk.org.publicwhip/cons/331","E14000781DISTRICT"
"uk.org.publicwhip/cons/31","E14000549DISTRICT"
"uk.org.publicwhip/cons/575","E14000989DISTRICT"
"uk.org.publicwhip/cons/337","E14000786DISTRICT"
"uk.org.publicwhip/cons/587","E14001004DISTRICT"
"uk.org.publicwhip/cons/177","E14000670DISTRICT"
"uk.org.publicwhip/cons/3","S14000001DISTRICT"
"uk.org.publicwhip/cons/2185","E14000664DISTRICT"
"uk.org.publicwhip/cons/2177","E14000603DISTRICT"
"uk.org.publicwhip/cons/2215","E14000876DISTRICT"
"uk.org.publicwhip/cons/370","W07000071DISTRICT"
"uk.org.publicwhip/cons/524","E14000943DISTRICT"
"uk.org.publicwhip/cons/188","E14000675DISTRICT"
"uk.org.publicwhip/cons/525","E14000944DISTRICT"
"uk.org.publicwhip/cons/61","W07000072DISTRICT"
"uk.org.publicwhip/cons/266","E14000723DISTRICT"
"uk.org.publicwhip/cons/51","E14000565DISTRICT"
"uk.org.publicwhip/cons/291","E14000746DISTRICT"
"uk.org.publicwhip/cons/2232","E14000954DISTRICT"
"uk.org.publicwhip/cons/154","E14000652DISTRICT"
"uk.org.publicwhip/cons/2176","E14000595DISTRICT"
"uk.org.publicwhip/cons/132","E14000633DISTRICT"
"uk.org.publicwhip/cons/193","E14000678DISTRICT"
"uk.org.publicwhip/cons/677","S14000059DISTRICT"
"uk.org.publicwhip/cons/2223","E14000906DISTRICT"
"uk.org.publicwhip/cons/56","E14000569DISTRICT"
"uk.org.publicwhip/cons/2167","W07000057DISTRICT"
"uk.org.publicwhip/cons/552","E14000972DISTRICT"
"uk.org.publicwhip/cons/165","E14000658DISTRICT"
"uk.org.publicwhip/cons/2196","E14000751DISTRICT"
"uk.org.publicwhip/cons/262","E14000719DISTRICT"
"uk.org.publicwhip/cons/111","E14000619DISTRICT"
"uk.org.publicwhip/cons/612","E14001022DISTRICT"
"uk.org.publicwhip/cons/12","S14000005DISTRICT"
"uk.org.publicwhip/cons/2227","E14000920DISTRICT"
"uk.org.publicwhip/cons/2229","E14000933DISTRICT"
"uk.org.publicwhip/cons/654","E14001056DISTRICT"
"uk.org.publicwhip/cons/421","E14000852DISTRICT"
"uk.org.publicwhip/cons/41","E14000556DISTRICT"
"uk.org.publicwhip/cons/483","E14000903DISTRICT"
"uk.org.publicwhip/cons/656","E14001059DISTRICT"
"uk.org.publicwhip/cons/546","E14000967DISTRICT"
"uk.org.publicwhip/cons/77","E14000589DISTRICT"
"uk.org.publicwhip/cons/545","E14000966DISTRICT"
"uk.org.publicwhip/cons/517","E14000935DISTRICT"
"uk.org.publicwhip/cons/201","E14000683DISTRICT"
"uk.org.publicwhip/cons/655","E14001058DISTRICT"
"uk.org.publicwhip/cons/374","E14000817DISTRICT"
"uk.org.publicwhip/cons/2207","E14000822DISTRICT"
"uk.org.publicwhip/cons/349","E14000796DISTRICT"
"uk.org.publicwhip/cons/428","E14000859DISTRICT"
"uk.org.publicwhip/cons/171","E14000663DISTRICT"
"uk.org.publicwhip/cons/230","E14000701DISTRICT"
"uk.org.publicwhip/cons/515","N06000014DISTRICT"
"uk.org.publicwhip/cons/341","E14000790DISTRICT"
"uk.org.publicwhip/cons/639","E14001043DISTRICT"
"uk.org.publicwhip/cons/102","E14000612DISTRICT"
"uk.org.publicwhip/cons/412","E14000844DISTRICT"
"uk.org.publicwhip/cons/48","E14000562DISTRICT"
"uk.org.publicwhip/cons/21","E14000540DISTRICT"
"uk.org.publicwhip/cons/389","W07000069DISTRICT"
"uk.org.publicwhip/cons/221","E14000695DISTRICT"
"uk.org.publicwhip/cons/536","E14000956DISTRICT"
"uk.org.publicwhip/cons/2219","E14000888DISTRICT"
"uk.org.publicwhip/cons/2206","E14000821DISTRICT"
"uk.org.publicwhip/cons/712","S14000054DISTRICT"
"uk.org.publicwhip/cons/430","E14000861DISTRICT"
"uk.org.publicwhip/cons/409","E14000842DISTRICT"
"uk.org.publicwhip/cons/585","E14001002DISTRICT"
"uk.org.publicwhip/cons/114","W07000080DISTRICT"
"uk.org.publicwhip/cons/276","E14000731DISTRICT"
"uk.org.publicwhip/cons/2214","E14000850DISTRICT"
"uk.org.publicwhip/cons/334","E14000784DISTRICT"
"uk.org.publicwhip/cons/570","W07000047DISTRICT"
"uk.org.publicwhip/cons/465","E14000887DISTRICT"
"uk.org.publicwhip/cons/2220","E14000898DISTRICT"
"uk.org.publicwhip/cons/490","E14000909DISTRICT"
"uk.org.publicwhip/cons/328","E14000778DISTRICT"
"uk.org.publicwhip/cons/566","E14000983DISTRICT"
"uk.org.publicwhip/cons/709","S14000050DISTRICT"
"uk.org.publicwhip/cons/523","E14000941DISTRICT"
"uk.org.publicwhip/cons/295","E14000750DISTRICT"
"uk.org.publicwhip/cons/657","E14001060DISTRICT"
"uk.org.publicwhip/cons/158","E14000655DISTRICT"
"uk.org.publicwhip/cons/534","E14000953DISTRICT"
"uk.org.publicwhip/cons/648","E14001052DISTRICT"
"uk.org.publicwhip/cons/617","E14001027DISTRICT"
"uk.org.publicwhip/cons/397","E14000834DISTRICT"
"uk.org.publicwhip/cons/6","E14000530DISTRICT"
"uk.org.publicwhip/cons/10","E14000533DISTRICT"
"uk.org.publicwhip/cons/460","E14000883DISTRICT"
"uk.org.publicwhip/cons/411","S14000049DISTRICT"
"uk.org.publicwhip/cons/482","E14000902DISTRICT"
"uk.org.publicwhip/cons/2186","E14000674DISTRICT"
"uk.org.publicwhip/cons/694","S14000033DISTRICT"
"uk.org.publicwhip/cons/200","E14000682DISTRICT"
"uk.org.publicwhip/cons/319","E14000772DISTRICT"
"uk.org.publicwhip/cons/145","E14000645DISTRICT"
"uk.org.publicwhip/cons/302","E14000757DISTRICT"
"uk.org.publicwhip/cons/172","E14000665DISTRICT"
"uk.org.publicwhip/cons/422","E14000853DISTRICT"
"uk.org.publicwhip/cons/19","E14000539DISTRICT"
"uk.org.publicwhip/cons/713","S14000055DISTRICT"
"uk.org.publicwhip/cons/123","E14000624DISTRICT"
"uk.org.publicwhip/cons/376","E14000818DISTRICT"
"uk.org.publicwhip/cons/199","E14000681DISTRICT"
"uk.org.publicwhip/cons/572","E14000987DISTRICT"
"uk.org.publicwhip/cons/2188","E14000702DISTRICT"
"uk.org.publicwhip/cons/309","E14000763DISTRICT"
"uk.org.publicwhip/cons/99","E14000609DISTRICT"
"uk.org.publicwhip/cons/105","W07000076DISTRICT"
"uk.org.publicwhip/cons/638","E14001042DISTRICT"
"uk.org.publicwhip/cons/2200","E14000775DISTRICT"
"uk.org.publicwhip/cons/46","E14000560DISTRICT"
"uk.org.publicwhip/cons/163","W07000070DISTRICT"
"uk.org.publicwhip/cons/539","E14000959DISTRICT"
"uk.org.publicwhip/cons/503","E14000922DISTRICT"
"uk.org.publicwhip/cons/563","E14000981DISTRICT"
"uk.org.publicwhip/cons/496","E14000914DISTRICT"
"uk.org.publicwhip/cons/261","E14000718DISTRICT"
"uk.org.publicwhip/cons/121","E14000622DISTRICT"
"uk.org.publicwhip/cons/522","E14000939DISTRICT"
"uk.org.publicwhip/cons/64","E14000576DISTRICT"
"uk.org.publicwhip/cons/2242","E14001020DISTRICT"
"uk.org.publicwhip/cons/2199","E14000768DISTRICT"
"uk.org.publicwhip/cons/444","S14000051DISTRICT"
"uk.org.publicwhip/cons/362","E14000807DISTRICT"
"uk.org.publicwhip/cons/2201","E14000776DISTRICT"
"uk.org.publicwhip/cons/653","W07000044DISTRICT"
"uk.org.publicwhip/cons/425","E14000856DISTRICT"
"uk.org.publicwhip/cons/2173","E14000572DISTRICT"
"uk.org.publicwhip/cons/2205","E14000814DISTRICT"
"uk.org.publicwhip/cons/558","E14000977DISTRICT"
"uk.org.publicwhip/cons/467","E14000889DISTRICT"
"uk.org.publicwhip/cons/357","E14000802DISTRICT"
"uk.org.publicwhip/cons/237","E14000707DISTRICT"
"uk.org.publicwhip/cons/117","W07000067DISTRICT"
"uk.org.publicwhip/cons/603","E14001013DISTRICT"
"uk.org.publicwhip/cons/2209","E14000832DISTRICT"
"uk.org.publicwhip/cons/224","E14000698DISTRICT"
"uk.org.publicwhip/cons/438","E14000868DISTRICT"
"uk.org.publicwhip/cons/2241","E14001007DISTRICT"
"uk.org.publicwhip/cons/359","E14000804DISTRICT"
"uk.org.publicwhip/cons/129","E14000631DISTRICT"
"uk.org.publicwhip/cons/210","S14000024DISTRICT"
"uk.org.publicwhip/cons/382","E14000824DISTRICT"
"uk.org.publicwhip/cons/274","E14000729DISTRICT"
"uk.org.publicwhip/cons/65","E14000577DISTRICT"
"uk.org.publicwhip/cons/2250","E14000991DISTRICT"
"uk.org.publicwhip/cons/400","N06000011DISTRICT"
"uk.org.publicwhip/cons/167","E14000660DISTRICT"
"uk.org.publicwhip/cons/613","E14001023DISTRICT"
"uk.org.publicwhip/cons/649","E14001053DISTRICT"
"uk.org.publicwhip/cons/532","E14000951DISTRICT"
"uk.org.publicwhip/cons/538","E14000958DISTRICT"
"uk.org.publicwhip/cons/47","E14000561DISTRICT"
"uk.org.publicwhip/cons/66","E14000578DISTRICT"
"uk.org.publicwhip/cons/644","E14001049DISTRICT"
"uk.org.publicwhip/cons/702","S14000041DISTRICT"
"uk.org.publicwhip/cons/704","S14000043DISTRICT"
"uk.org.publicwhip/cons/447","E14000874DISTRICT"
"uk.org.publicwhip/cons/55","E14000568DISTRICT"
"uk.org.publicwhip/cons/688","S14000028DISTRICT"
"uk.org.publicwhip/cons/131","E14000632DISTRICT"
"uk.org.publicwhip/cons/521","E14000938DISTRICT"
"uk.org.publicwhip/cons/321","E14000774DISTRICT"
"uk.org.publicwhip/cons/191","E14000677DISTRICT"
"uk.org.publicwhip/cons/443","E14000871DISTRICT"
"uk.org.publicwhip/cons/267","E14000724DISTRICT"
"uk.org.publicwhip/cons/17","E14000538DISTRICT"
"uk.org.publicwhip/cons/2217","E14000880DISTRICT"
"uk.org.publicwhip/cons/633","E14001037DISTRICT"
"uk.org.publicwhip/cons/550","E14000970DISTRICT"
"uk.org.publicwhip/cons/88","E14000597DISTRICT"
"uk.org.publicwhip/cons/173","E14000666DISTRICT"
"uk.org.publicwhip/cons/128","E14000630DISTRICT"
"uk.org.publicwhip/cons/289","E14000744DISTRICT"
"uk.org.publicwhip/cons/436","E14000866DISTRICT"
"uk.org.publicwhip/cons/2210","E14000835DISTRICT"
"uk.org.publicwhip/cons/259","E14000717DISTRICT"
"uk.org.publicwhip/cons/98","E14000608DISTRICT"
"uk.org.publicwhip/cons/504","E14000923DISTRICT"
"uk.org.publicwhip/cons/170","E14000662DISTRICT"
"uk.org.publicwhip/cons/478","E14000899DISTRICT"
"uk.org.publicwhip/cons/228","E14000699DISTRICT"
"uk.org.publicwhip/cons/2212","E14000846DISTRICT"
"uk.org.publicwhip/cons/2168","W07000061DISTRICT"
"uk.org.publicwhip/cons/342","E14000791DISTRICT"
"uk.org.publicwhip/cons/16","E14000537DISTRICT"
"uk.org.publicwhip/cons/2208","E14000826DISTRICT"
"uk.org.publicwhip/cons/195","E14000680DISTRICT"
"uk.org.publicwhip/cons/535","E14000955DISTRICT"
"uk.org.publicwhip/cons/584","E14001001DISTRICT"
"uk.org.publicwhip/cons/126","E14000626DISTRICT"
"uk.org.publicwhip/cons/608","E14001017DISTRICT"
"uk.org.publicwhip/cons/577","E14000995DISTRICT"
"uk.org.publicwhip/cons/74","E14000586DISTRICT"
"uk.org.publicwhip/cons/233","E14000704DISTRICT"
"uk.org.publicwhip/cons/97","E14000607DISTRICT"
"uk.org.publicwhip/cons/2181","E14000629DISTRICT"
"uk.org.publicwhip/cons/658","W07000041DISTRICT"
"uk.org.publicwhip/cons/340","E14000789DISTRICT"
"uk.org.publicwhip/cons/28","E14000546DISTRICT"
"uk.org.publicwhip/cons/561","E14000979DISTRICT"
"uk.org.publicwhip/cons/529","E14000948DISTRICT"
"uk.org.publicwhip/cons/284","E14000739DISTRICT"
"uk.org.publicwhip/cons/95","E14000605DISTRICT"
"uk.org.publicwhip/cons/675","S14000014DISTRICT"
"uk.org.publicwhip/cons/58","E14000570DISTRICT"
"uk.org.publicwhip/cons/2187","E14000689DISTRICT"
"uk.org.publicwhip/cons/614","E14001024DISTRICT"
"uk.org.publicwhip/cons/263","E14000720DISTRICT"
"uk.org.publicwhip/cons/378","E14000820DISTRICT"
"uk.org.publicwhip/cons/2203","E14000806DISTRICT"
"uk.org.publicwhip/cons/84","E14000594DISTRICT"
"uk.org.publicwhip/cons/468","E14000890DISTRICT"
"uk.org.publicwhip/cons/634","E14001038DISTRICT"
"uk.org.publicwhip/cons/616","E14001026DISTRICT"
"uk.org.publicwhip/cons/591","E14001006DISTRICT"
"uk.org.publicwhip/cons/630","E14001035DISTRICT"
"uk.org.publicwhip/cons/264","E14000721DISTRICT"
"uk.org.publicwhip/cons/392","E14000829DISTRICT"
"uk.org.publicwhip/cons/507","E14000925DISTRICT"
"uk.org.publicwhip/cons/4","S14000002DISTRICT"
"uk.org.publicwhip/cons/2249","E14001062DISTRICT"
"uk.org.publicwhip/cons/2222","E14000905DISTRICT"
"uk.org.publicwhip/cons/673","S14000012DISTRICT"
"uk.org.publicwhip/cons/556","E14000976DISTRICT"
"uk.org.publicwhip/cons/2192","E14000726DISTRICT"
"uk.org.publicwhip/cons/711","S14000053DISTRICT"
"uk.org.publicwhip/cons/137","E14000639DISTRICT"
"uk.org.publicwhip/cons/451","E14000877DISTRICT"
"uk.org.publicwhip/cons/2231","E14000942DISTRICT"
"uk.org.publicwhip/cons/90","E14000599DISTRICT"
"uk.org.publicwhip/cons/52","E14000566DISTRICT"
"uk.org.publicwhip/cons/83","E14000593DISTRICT"
"uk.org.publicwhip/cons/45","E14000559DISTRICT"
"uk.org.publicwhip/cons/209","S14000023DISTRICT"
"uk.org.publicwhip/cons/2216","E14000879DISTRICT"
"uk.org.publicwhip/cons/335","E14000785DISTRICT"
"uk.org.publicwhip/cons/348","E14000795DISTRICT"
"uk.org.publicwhip/cons/2240","E14001003DISTRICT"
"uk.org.publicwhip/cons/384","W07000063DISTRICT"
"uk.org.publicwhip/cons/651","E14001055DISTRICT"
"uk.org.publicwhip/cons/35","N06000001DISTRICT"
"uk.org.publicwhip/cons/148","E14000647DISTRICT"
"uk.org.publicwhip/cons/652","E14000992DISTRICT"
"uk.org.publicwhip/cons/36","N06000002DISTRICT"
"uk.org.publicwhip/cons/555","E14000975DISTRICT"
"uk.org.publicwhip/cons/710","S14000052DISTRICT"
"uk.org.publicwhip/cons/475","E14000895DISTRICT"
"uk.org.publicwhip/cons/375","N06000010DISTRICT"
"uk.org.publicwhip/cons/69","E14000581DISTRICT"
"uk.org.publicwhip/cons/183","S14000015DISTRICT"
"uk.org.publicwhip/cons/2243","E14001028DISTRICT"
"uk.org.publicwhip/cons/236","E14000706DISTRICT"
"uk.org.publicwhip/cons/531","E14000950DISTRICT"
"uk.org.publicwhip/cons/325","N06000009DISTRICT"
"uk.org.publicwhip/cons/393","E14000830DISTRICT"
"uk.org.publicwhip/cons/273","E14000728DISTRICT"
"uk.org.publicwhip/cons/462","W07000065DISTRICT"
"uk.org.publicwhip/cons/198","S14000020DISTRICT"
"uk.org.publicwhip/cons/557","N06000016DISTRICT"
"uk.org.publicwhip/cons/187","E14000641DISTRICT"
"uk.org.publicwhip/cons/506","E14000924DISTRICT"
"uk.org.publicwhip/cons/332","E14000782DISTRICT"
"uk.org.publicwhip/cons/527","E14000946DISTRICT"
"uk.org.publicwhip/cons/293","E14000748DISTRICT"
"uk.org.publicwhip/cons/469","E14000891DISTRICT"
"uk.org.publicwhip/cons/512","E14000930DISTRICT"
"uk.org.publicwhip/cons/2189","E14000708DISTRICT"
"uk.org.publicwhip/cons/346","E14000793DISTRICT"
"uk.org.publicwhip/cons/2179","E14000623DISTRICT"
"uk.org.publicwhip/cons/118","W07000066DISTRICT"
"uk.org.publicwhip/cons/2246","E14001054DISTRICT"
"uk.org.publicwhip/cons/394","E14000831DISTRICT"
"uk.org.publicwhip/cons/32","E14000550DISTRICT"
"uk.org.publicwhip/cons/287","E14000742DISTRICT"
"uk.org.publicwhip/cons/464","E14000886DISTRICT"
"uk.org.publicwhip/cons/8","E14000532DISTRICT"
"uk.org.publicwhip/cons/120","E14000621DISTRICT"
"uk.org.publicwhip/cons/540","E14000960DISTRICT"
"uk.org.publicwhip/cons/297","E14000752DISTRICT"
"uk.org.publicwhip/cons/15","E14000536DISTRICT"
"uk.org.publicwhip/cons/365","E14000809DISTRICT"
"uk.org.publicwhip/cons/510","E14000928DISTRICT"
"uk.org.publicwhip/cons/1","W07000049DISTRICT"
"uk.org.publicwhip/cons/579","E14000997DISTRICT"
"uk.org.publicwhip/cons/127","E14000627DISTRICT"
"uk.org.publicwhip/cons/352","E14000797DISTRICT"
"uk.org.publicwhip/cons/450","E14000875DISTRICT"
"uk.org.publicwhip/cons/355","E14000800DISTRICT"
"uk.org.publicwhip/cons/347","E14000794DISTRICT"
"uk.org.publicwhip/cons/690","S14000029DISTRICT"
"uk.org.publicwhip/cons/139","W07000062DISTRICT"
"uk.org.publicwhip/cons/537","E14000957DISTRICT"
"uk.org.publicwhip/cons/2202","E14000788DISTRICT"
"uk.org.publicwhip/cons/405","E14000839DISTRICT"
"uk.org.publicwhip/cons/519","N06000015DISTRICT"
"uk.org.publicwhip/cons/71","E14000583DISTRICT"
"uk.org.publicwhip/cons/116","E14000620DISTRICT"
"uk.org.publicwhip/cons/72","E14000584DISTRICT"
"uk.org.publicwhip/cons/386","E14000825DISTRICT"
"uk.org.publicwhip/cons/544","E14000965DISTRICT"
"uk.org.publicwhip/cons/593","N06000017DISTRICT"
"uk.org.publicwhip/cons/431","E14000862DISTRICT"
"uk.org.publicwhip/cons/277","E14000732DISTRICT"
"uk.org.publicwhip/cons/582","W07000053DISTRICT"
"uk.org.publicwhip/cons/110","E14000618DISTRICT"
"uk.org.publicwhip/cons/388","S14000047DISTRICT"
"uk.org.publicwhip/cons/402","N06000012DISTRICT"
"uk.org.publicwhip/cons/292","E14000747DISTRICT"
"uk.org.publicwhip/cons/606","E14001015DISTRICT"
"uk.org.publicwhip/cons/333","E14000783DISTRICT"
"uk.org.publicwhip/cons/404","E14000838DISTRICT"
"uk.org.publicwhip/cons/327","E14000777DISTRICT"
"uk.org.publicwhip/cons/203","E14000685DISTRICT"
"uk.org.publicwhip/cons/63","E14000575DISTRICT"
"uk.org.publicwhip/cons/621","E14001030DISTRICT"
"uk.org.publicwhip/cons/625","E14001032DISTRICT"
"uk.org.publicwhip/cons/500","E14000919DISTRICT"
"uk.org.publicwhip/cons/379","S14000045DISTRICT"
"uk.org.publicwhip/cons/138","E14000643DISTRICT"
"uk.org.publicwhip/cons/2194","E14000734DISTRICT"
"uk.org.publicwhip/cons/107","E14000614DISTRICT"
"uk.org.publicwhip/cons/407","E14000840DISTRICT"
"uk.org.publicwhip/cons/231","N06000007DISTRICT"
"uk.org.publicwhip/cons/599","E14001009DISTRICT"
"uk.org.publicwhip/cons/645","E14001050DISTRICT"
"uk.org.publicwhip/cons/140","W07000059DISTRICT"
"uk.org.publicwhip/cons/7","E14000531DISTRICT"
"uk.org.publicwhip/cons/298","E14000753DISTRICT"
"uk.org.publicwhip/cons/190","E14000676DISTRICT"
"uk.org.publicwhip/cons/37","N06000003DISTRICT"
"uk.org.publicwhip/cons/81","E14000592DISTRICT"
"uk.org.publicwhip/cons/60","E14000573DISTRICT"
"uk.org.publicwhip/cons/381","E14000823DISTRICT"
"uk.org.publicwhip/cons/492","E14000910DISTRICT"
"uk.org.publicwhip/cons/133","E14000634DISTRICT"
"uk.org.publicwhip/cons/2225","E14000916DISTRICT"
"uk.org.publicwhip/cons/484","E14000904DISTRICT"
"uk.org.publicwhip/cons/153","E14000651DISTRICT"
"uk.org.publicwhip/cons/2239","E14000994DISTRICT"
"uk.org.publicwhip/cons/667","S14000010DISTRICT"
"uk.org.publicwhip/cons/252","E14000712DISTRICT"
"uk.org.publicwhip/cons/607","E14001016DISTRICT"
"uk.org.publicwhip/cons/598","E14001008DISTRICT"
"uk.org.publicwhip/cons/476","E14000896DISTRICT"
"uk.org.publicwhip/cons/79","W07000068DISTRICT"
"uk.org.publicwhip/cons/234","E14000705DISTRICT"
"uk.org.publicwhip/cons/596","W07000078DISTRICT"
"uk.org.publicwhip/cons/169","E14000661DISTRICT"
"uk.org.publicwhip/cons/216","E14000690DISTRICT"
"uk.org.publicwhip/cons/434","E14000864DISTRICT"
"uk.org.publicwhip/cons/2195","E14000743DISTRICT"
"uk.org.publicwhip/cons/184","S14000016DISTRICT"
"uk.org.publicwhip/cons/461","E14000884DISTRICT"
"uk.org.publicwhip/cons/316","S14000040DISTRICT"
"uk.org.publicwhip/cons/2248","E14001061DISTRICT"
"uk.org.publicwhip/cons/604","E14001014DISTRICT"
"uk.org.publicwhip/cons/317","E14000770DISTRICT"
"uk.org.publicwhip/cons/473","W07000052DISTRICT"
"uk.org.publicwhip/cons/699","S14000038DISTRICT"
"uk.org.publicwhip/cons/220","E14000694DISTRICT"
"uk.org.publicwhip/cons/489","E14000908DISTRICT"
"uk.org.publicwhip/cons/2230","E14000940DISTRICT"
"uk.org.publicwhip/cons/666","S14000006DISTRICT"
"uk.org.publicwhip/cons/2244","E14001036DISTRICT"
"uk.org.publicwhip/cons/350","S14000044DISTRICT"
"uk.org.publicwhip/cons/693","S14000032DISTRICT"
"uk.org.publicwhip/cons/134","E14000636DISTRICT"
"uk.org.publicwhip/cons/589","E14001005DISTRICT"
"uk.org.publicwhip/cons/518","E14000936DISTRICT"
"uk.org.publicwhip/cons/2197","E14000754DISTRICT"
"uk.org.publicwhip/cons/2182","E14000635DISTRICT"
"uk.org.publicwhip/cons/2180","E14000628DISTRICT"
"uk.org.publicwhip/cons/43","E14000558DISTRICT"
"uk.org.publicwhip/cons/125","E14000625DISTRICT"
"uk.org.publicwhip/cons/2218","E14000882DISTRICT"
"uk.org.publicwhip/cons/194","E14000679DISTRICT"
"uk.org.publicwhip/cons/311","W07000077DISTRICT"
"uk.org.publicwhip/cons/285","E14000740DISTRICT"
"uk.org.publicwhip/cons/453","E14000878DISTRICT"
"uk.org.publicwhip/cons/2245","E14001045DISTRICT"
"uk.org.publicwhip/cons/70","E14000582DISTRICT"
"uk.org.publicwhip/cons/151","E14000649DISTRICT"
"uk.org.publicwhip/cons/615","E14001025DISTRICT"
"uk.org.publicwhip/cons/458","E14000881DISTRICT"
"uk.org.publicwhip/cons/2228","E14000921DISTRICT"
"uk.org.publicwhip/cons/528","E14000947DISTRICT"
"uk.org.publicwhip/cons/686","S14000025DISTRICT"
"uk.org.publicwhip/cons/253","S14000037DISTRICT"
"uk.org.publicwhip/cons/509","E14000927DISTRICT"
"uk.org.publicwhip/cons/211","S14000026DISTRICT"
"uk.org.publicwhip/cons/695","S14000034DISTRICT"
"uk.org.publicwhip/cons/136","E14000638DISTRICT"
"uk.org.publicwhip/cons/514","E14000932DISTRICT"
"uk.org.publicwhip/cons/670","S14000008DISTRICT"
"uk.org.publicwhip/cons/30","E14000548DISTRICT"
"uk.org.publicwhip/cons/303","E14000758DISTRICT"
"uk.org.publicwhip/cons/578","E14000996DISTRICT"
"uk.org.publicwhip/cons/103","E14000613DISTRICT"
"uk.org.publicwhip/cons/2171","E14000553DISTRICT"
"uk.org.publicwhip/cons/330","E14000780DISTRICT"
"uk.org.publicwhip/cons/229","E14000700DISTRICT"
"uk.org.publicwhip/cons/49","E14000563DISTRICT"
"uk.org.publicwhip/cons/676","S14000018DISTRICT"
"uk.org.publicwhip/cons/595","W07000060DISTRICT"
"uk.org.publicwhip/cons/2211","E14000836DISTRICT"
"uk.org.publicwhip/cons/257","E14000715DISTRICT"
"uk.org.publicwhip/cons/356","E14000801DISTRICT"
"uk.org.publicwhip/cons/620","E14001029DISTRICT"
"uk.org.publicwhip/cons/155","E14000653DISTRICT"
"uk.org.publicwhip/cons/258","E14000716DISTRICT"
"uk.org.publicwhip/cons/222","E14000696DISTRICT"
"uk.org.publicwhip/cons/429","E14000860DISTRICT"
"uk.org.publicwhip/cons/115","W07000079DISTRICT"
"uk.org.publicwhip/cons/149","E14000648DISTRICT"
"uk.org.publicwhip/cons/2204","E14000811DISTRICT"
"uk.org.publicwhip/cons/358","E14000803DISTRICT"
"uk.org.publicwhip/cons/101","E14000611DISTRICT"
